{
	"different": ["various", "varied"],
	"kinds": ["forms", "types", "sorts"],
	"mostly": ["often", "usually", "generally", "commonly", "most"],
	"often": ["usually", "generally", "commonly", "most", "mostly"],
	"stand": ["mark", "denote", "depict", "represent", "show", "indicate", "point"],
	"land": ["ground"],
	"ground": ["land"],
	"covered": ["full", "filled", "surrounded", "surrounds", "abundant", "abundance", "abound", "plenty"],
	"usually": ["often", "generally", "commonly", "mostly"],
	"always": ["often", "generally", "commonly", "mostly", "usually"],
	"hottest": ["warmest"],
	"hot": ["warm"],
	"warm": ["hot"],
	"located": ["situated", "present"],
	"section": ["region", "area", "regions", "areas"],
	"start": ["begin", "begins"],
	"cover": ["full", "covers", "fills", "surrounds", "covered", "filled", "surrounded"],
	"wintertime": ["winter", "winters"],
	"begins": ["starts", "start", "begin"],
	"called": ["known as"],
	"after": ["follows", "followed", "succeeds"],
	"comes": ["occurs", "arrives"],
	"pattern": ["characteristic", "characteristics"],
	"easiest": ["easy", "easily"],
	"summer": ["summers"],
	"area": ["region", "section", "regions", "sections"],
	"spot": ["see", "notice", "observe"]
	}